delivery_id,customer_name,postcode,latitude,longitude,demand,priority
DEPOT,DPD Hinckley Depot,LE10 3BQ,52.527037,-1.390319,0,depot
D001,Ravi Williams,LE1 4PF,52.635747,-1.138585,1,standard
D002,Fatima Ahmed,LE2 9PN,52.58609,-1.15417,2,standard
D003,Aisha Kaur,LE3 9ST,52.648953,-1.170032,5,standard
D004,George Thomas,LE4 8EW,52.678364,-1.087472,1,standard
D005,Mohammed Taylor,LE5 5EZ,52.63336,-1.102829,2,standard
D006,Sophia Taylor,LE1 2EJ,52.639637,-1.123523,5,express
D007,Fatima Roberts,LE2 9PG,52.58674,-1.154556,5,standard
D008,Nadia Nwosu,LE3 0LD,52.627712,-1.157727,1,standard
D009,Daniel Thomas,LE4 6QD,52.655591,-1.115886,3,standard
D010,Liam Taylor,LE5 5UF,52.620208,-1.098178,3,standard
D011,Mohammed Ali,LE1 7PA,52.625594,-1.12107,1,standard
D012,Yasmin Singh,LE2 7GN,52.623948,-1.138048,5,standard
D013,Nadia Patel,LE3 0LE,52.629976,-1.148627,4,standard
D014,Simran Ali,LE4 6GS,52.648776,-1.11221,1,standard
D015,Leon Begum,LE5 2PW,52.640464,-1.050028,5,standard
D016,George Taylor,LE6 0XZ,52.653374,-1.27545,1,standard
D017,Aisha Ahmed,LE7 1QP,52.697526,-1.087991,3,standard
D018,Yasmin Ahmed,LE8 5WB,52.535977,-1.087357,1,express
D019,Noah Roberts,LE9 4HD,52.55499,-1.283116,3,standard
D020,Amelia Singh,LE18 1DP,52.588903,-1.108637,2,standard
D021,Daniel Kowalski,LE19 4NJ,52.589038,-1.210042,1,standard
D022,Sophia Kaur,LE6 0YP,52.656141,-1.226679,2,standard
D023,Lucas Ali,LE7 7SU,52.706924,-1.129207,3,standard
D024,Aisha Davis,LE8 5QD,52.557273,-1.136153,1,standard
D025,Leon Patel,LE9 1TR,52.551037,-1.192701,3,express
D026,Noah Khan,LE18 4UP,52.587463,-1.140091,2,standard
D027,Oliver Begum,LE19 4BF,52.613674,-1.22143,4,express
D028,Tyler Kowalski,LE10 0RY,52.540194,-1.39285,4,standard
D029,Noah Brown,CV10 8PL,52.517647,-1.520268,2,standard
D030,Chloe Morris,CV11 5BG,52.526153,-1.472079,4,express
D031,Amelia Ahmed,CV13 6NW,52.657142,-1.445771,2,express
D032,Mohammed Shah,NG1 4DP,52.958366,-1.150117,1,standard
D033,Liam Begum,NG2 3ET,52.948007,-1.145914,2,express
D034,Mia Khan,NG3 5AH,52.967104,-1.148918,4,express
D035,Mia Roberts,NG5 6GY,53.002666,-1.139024,5,standard
D036,Sophia Nwosu,NG7 6ES,52.968852,-1.171144,1,standard
D037,Aisha Osei,NG8 2JL,52.951344,-1.244589,5,standard
D038,Aaron Begum,NG9 2NQ,52.931597,-1.221307,3,standard
D039,Charlotte Thomas,NG1 3PT,52.956554,-1.146878,2,express
D040,James Kaur,NG2 7NS,52.928814,-1.134733,3,standard
D041,Harry Kowalski,NG3 5SD,52.995652,-1.09986,1,standard
D042,Leon Begum,NG5 2HF,52.981624,-1.150509,5,standard
D043,Liam Singh,NG7 4BE,52.961103,-1.167303,2,standard
D044,Mia Davis,NG8 1HZ,52.958257,-1.205868,4,standard
D045,Sarah Kowalski,NG9 2SS,52.93714,-1.211179,3,standard
D046,Fatima Patel,NG1 2HN,52.952844,-1.148588,2,standard
D047,Mohammed Kaur,NG2 9ST,52.938398,-1.134899,4,standard
D048,Aaron Hill,NG3 2FB,52.956353,-1.132889,2,standard
D049,Aisha Evans,NG5 8SN,53.015547,-1.120404,5,standard
D050,Noah Walker,NG7 3JU,52.959,-1.168594,5,express
D051,Oliver Kowalski,NG8 5JT,52.978664,-1.20344,5,standard
D052,Daniel Johnson,NG9 2LU,52.92776,-1.213358,4,standard
D053,Lucas Osei,NG10 1LL,52.89679,-1.268265,5,express
D054,Sarah Ahmed,NG11 8RU,52.902404,-1.192482,2,standard
D055,Aiden Smith,NG15 6WP,53.018443,-1.226991,5,standard
D056,George Ahmed,NG16 3PN,53.018942,-1.31571,1,standard
D057,Daniel Begum,CV1 1FL,52.409496,-1.509269,1,standard
D058,Mohammed Osei,CV2 2AX,52.423147,-1.442797,1,standard
D059,Mohammed Walker,CV3 1NH,52.400007,-1.487019,2,standard
D060,Aisha Evans,CV4 9GQ,52.41242,-1.603562,2,standard
D061,Chloe Kowalski,CV5 6JH,52.406268,-1.529266,5,express
D062,Fatima Sharma,CV6 5LS,52.434555,-1.501505,4,express
D063,Oliver Williams,CV1 4HN,52.41835,-1.504642,1,express
D064,Amelia Thomas,CV2 5EF,52.419813,-1.450941,4,express
D065,Yasmin Kaur,CV3 3GS,52.383584,-1.467036,1,standard
D066,Emily Ali,CV4 9JR,52.401434,-1.585288,3,standard
D067,Fatima Taylor,CV5 6PS,52.399811,-1.526292,2,express
D068,Liam Thomas,CV6 5QU,52.422309,-1.503304,2,standard
D069,Lucas Ahmed,CV1 1ZA,52.381739,-1.4608,1,express
D070,Nadia Nwosu,CV2 1RH,52.449096,-1.479299,5,standard
D071,Emily Begum,CV3 6NP,52.381677,-1.521637,5,standard
D072,Mohammed Kowalski,CV4 8LH,52.393998,-1.597981,2,standard
D073,Zara Evans,CV5 8DY,52.405812,-1.536768,4,standard
D074,Yasmin Ali,CV6 1ED,52.418259,-1.530962,1,standard
D075,Ethan Smith,B1 1XL,52.475939,-1.905387,4,standard
D076,Simran Sharma,B2 2YJ,52.495968,-1.894209,4,standard
D077,Zara Rahman,B3 3LP,52.481925,-1.904623,5,express
D078,Liam Taylor,B4 7NE,52.483919,-1.89222,3,standard
D079,Emily Morris,B5 7UX,52.459929,-1.907643,5,standard
D080,Chloe Davis,B6 6JP,52.505246,-1.894423,1,standard
D081,George Evans,B7 5UA,52.497809,-1.866262,5,standard
D082,Emily Walker,B8 1DX,52.487305,-1.862686,1,standard
D083,Mohammed Clarke,B9 4BA,52.480482,-1.879595,1,standard
D084,Ethan Williams,B10 0AD,52.469158,-1.873708,5,standard
D085,George Clarke,B11 3BL,52.447979,-1.852036,1,standard
D086,Zara Hussain,B12 0DX,52.463639,-1.883659,5,standard
D087,Simran Wilson,B1 3EU,52.483793,-1.913072,2,standard
D088,Fatima Wilson,B2 2LP,52.495968,-1.894209,4,standard
D089,Aisha Begum,B3 1DW,52.484307,-1.903514,3,express
D090,Aiden Kowalski,B4 7AR,52.486933,-1.893936,1,standard
D091,Lucas Clarke,B5 5LR,52.47783,-1.888304,5,standard
D092,Mohammed Hill,B6 7NZ,52.504878,-1.877069,2,standard
D093,Liam Kowalski,B7 4RD,52.483422,-1.879337,3,standard
D094,Tyler Ahmed,B8 2BT,52.497504,-1.831057,3,standard
D095,Priya Roberts,B9 4HA,52.476971,-1.874879,5,standard
D096,Mia Sharma,B10 9LR,52.470006,-1.832738,5,standard
D097,Aisha Iqbal,B11 1DA,52.466932,-1.877807,5,standard
D098,Simran Hussain,B12 0QN,52.471633,-1.886023,1,standard
D099,Noah Williams,B90 3AA,52.408091,-1.825723,1,standard
D100,Noah Johnson,B91 9JA,52.413697,-1.775317,5,standard
D101,Daniel Davis,B92 9QN,52.433848,-1.75955,2,standard
D102,Harry Evans,B73 5XY,52.568657,-1.82916,3,standard
D103,Mohammed Begum,B74 2XW,52.58065,-1.829099,4,standard
D104,Emily Smith,B75 6BD,52.575073,-1.809347,3,standard
D105,Ravi Wilson,LE1 5EB,52.635675,-1.133739,2,express
D106,Sophia Rahman,LE2 5EG,52.600722,-1.075427,4,standard
D107,Sarah Khan,LE3 0UP,52.632354,-1.160697,2,standard
D108,Leon Singh,LE4 4FA,52.682788,-1.114894,5,standard
D109,Zara Brown,LE5 0AW,52.647796,-1.086171,1,standard
D110,Amelia Osei,LE1 7DR,52.627219,-1.123121,1,standard
D111,Oliver Hussain,LE2 1AL,52.622984,-1.110959,2,standard
D112,Amelia Shah,LE3 2FT,52.616197,-1.16164,5,express
D113,Mia Kaur,LE4 7SJ,52.667755,-1.103855,2,standard
D114,Yasmin Jones,LE5 1AD,52.647478,-1.076481,2,express
D115,James Jones,LE1 5XH,52.632656,-1.135202,3,express
D116,Nadia Hussain,LE2 8HY,52.606198,-1.148777,2,standard
D117,Priya Sharma,LE3 1GA,52.616026,-1.166769,1,express
D118,Yasmin Patel,LE4 3GD,52.681266,-1.130235,4,standard
D119,Oliver Iqbal,LE5 2FF,52.642918,-1.070458,4,standard
D120,Charlotte Iqbal,LE6 0GN,52.666874,-1.254585,2,standard
